File ID,Expected Output,File,Dataset
invoice_recwT45kbPkb2I1jp,"{
  ""total_gross"": 12.64,
  ""total_net"": 10.62,
  ""business_name"": ""SSP Deutschland, The Squire 24, 60549 Frankfurt am Main DTE"",
  ""items"": [
    {
      ""name"": ""BK Menü Whopper"",
      ""price"": 11.39
    },
    {
      ""name"": ""BK Extra Cheese gr."",
      ""price"": 1.25
    }
  ]
}",invoice_recwT45kbPkb2I1jp.pdf (https://v5.airtableusercontent.com/v3/u/40/40/1745661600000/sIWadkzCiXluZetc5VwbJA/cDjo9r7JvMPS9WliApFMtmF8Vcvlf-NJ23qHlovDkvcEtLPJf6PEyq9GkpPsqy4Ox-39q65IHKQmzYA_Sa6Wg1uXhDegtCHzGAiZeJMiLu_E06iu9lz8c2UCGRWvxDYIYcvQvKtt3rKK6e3lI5TRwWy0s6xd-CHEMt1Ql0nUTYM0bIO3TadFlUlb2avHtDaJ/hyshuxkL7Q6-TUhiKwMsrWRmQm__rmFtcbD_eUN-0yc),invoice
invoice_recx4wg6mwAac34bH,"{
  ""total_gross"": 15.48,
  ""total_net"": 13.01,
  ""business_name"": ""BURGER KING®"",
  ""items"": [
    {
      ""name"": ""Chili Cheese Nuggets 6 Stk."",
      ""price"": 2.99
    },
    {
      ""name"": ""Cheesy Rösti Lover Beef Double King Menü Klein"",
      ""price"": 12.49
    }
  ]
}",invoice_recx4wg6mwAac34bH.pdf (https://v5.airtableusercontent.com/v3/u/40/40/1745661600000/NDFEOPxKGIleT0nXpZvamQ/-7dPgjJovHuGLCba0GEbcY37eew3RP3JRceevjph-2z2_HH99pWV0hrvEl33i89lMO5H-qlAk93cDHTCxvJODtIeUf0C_pYL1pGGtV0o8fGONZj-dPx4Ml2GGRrC5zpFZMIFUvn70snX6dUk6mhdaggkzAFtbIi9OSHVCLoMWzuTGDiGq8sbhrS3Hs3Z88W9/fOmX2slirt8t0UleFC99KKAM0Mn5YqVGGc6Q_Lr3eqE),invoice
invoice_rec6jnwamPj8m1u5y,"{
  ""total_gross"": 131.70,
  ""total_net"": 110.67,
  ""business_name"": ""Brauhaus an der Thomaskirche"",
  ""items"": [
    {
      ""name"": ""Steinpilzcremesuppe"",
      ""price"": 17.80
    },
    {
      ""name"": ""Tomatensuppe"",
      ""price"": 15.00
    },
    {
      ""name"": ""Apfelschorle 0,5l"",
      ""price"": 11.00
    },
    {
      ""name"": ""Pils Thomask. 0,5l"",
      ""price"": 10.40
    },
    {
      ""name"": ""Schwarz Thomask. 0,5l"",
      ""price"": 20.80
    },
    {
      ""name"": ""Pizza Salame Prosc."",
      ""price"": 12.90
    },
    {
      ""name"": ""Pizza Tonno Cipolla"",
      ""price"": 12.90
    },
    {
      ""name"": ""Spaghetti Carbonara"",
      ""price"": 14.90
    },
    {
      ""name"": ""Gnocchi al Gorgonzol"",
      ""price"": 16.00
    }
  ]
}",invoice_rec6jnwamPj8m1u5y.pdf (https://v5.airtableusercontent.com/v3/u/40/40/1745661600000/to8kMSnEkcD_bqeM1nemrg/DIXKftemW3nhD4VBvFvL1Wcl777KltCb4bC9oZpDrHX5RgYJcHrWTOoNeZezoWilRQKGglOFB_BwT13wtjivsbJ0Tk2uddC9wnspVODdc0Ow31SpMVbc5OWh2Cqq9b16DCe0gf02xXjWMZzRs6UBSRPZsMFOAV3rwDWDYs6iMxtn7iHQDABuPrzmR-z0SQ_j/LPlwHudq6oh3q_na518QiyI9EWk0fwcdsE_iCYQ6u6U),invoice
invoice_recHWC7qGba0eRogA,"{
  ""total_gross"": 403.42,
  ""total_net"": 339.01,
  ""business_name"": ""Zweirad-Center Stadler, Straße des 18. Oktober 46, 04103 Leipzig"",
  ""items"": [
    {
      ""name"": ""Bremsscheibe 6-Loch 160mm, SMRT66 Metal/Resin"",
      ""price"": 19.99
    },
    {
      ""name"": ""Bremsscheibe 6-Loch 180mm, SMRT66 Metal/Resin"",
      ""price"": 21.99
    },
    {
      ""name"": ""Adapter Satz für Disc-Br mit Schrauben"",
      ""price"": 8.99
    },
    {
      ""name"": ""Scheibenbremse MT501 2-Kolben, HR, I-Spec II, Resin"",
      ""price"": 69.99
    },
    {
      ""name"": ""Scheibenbremse MT501 2-Kolben, VR, I-Spec II, Resin"",
      ""price"": 64.99
    },
    {
      ""name"": ""Kette CN-HG71 6/7/8-fach, 138 Glieder"",
      ""price"": 21.99
    },
    {
      ""name"": ""Kassette HG51 8-fach, 11-32 Zähne"",
      ""price"": 21.99
    },
    {
      ""name"": ""Bremsscheiben erneuern vorn zzgl. Material"",
      ""price"": 28.50
    },
{
      ""name"": ""Bremsscheiben erneuern hinten zzgl. Material"",
      ""price"": 28.50
    },
{
      ""name"": ""Hydraulische Bremsanlage montieren vorn&hinten zzgl. Mat"",
      ""price"": 76.00
    },{
      ""name"": ""Katte & Kassette wechseln zzgl. Material"",
      ""price"": 38.00
    },{
      ""name"": ""Klein- und Reinigungsmaterial"",
      ""price"": 2.49
    },{
      ""name"": ""Altteile dürfen entsorgt werden"",
      ""price"": 0.00
    }
  ]
}",invoice_recHWC7qGba0eRogA.pdf (https://v5.airtableusercontent.com/v3/u/40/40/1745661600000/aIompybFF9NgE0rFU4p0_Q/o5osT1VqrZupaHW85hdUy4S8W2qvhM4U0kDhDsylcDq6ScfkqeBWrTIIOgd-UeUkeBeMSfN_c9-4ZsiBzkFEbjFt8kCwv2ZC7GaYJUQG-ztHT-_vQeUHNiQDuGDHHPsg6O4J6lqxvr3Gi93_DGzY1HheRsMbaIO5CmOzojaupzu6h2GCV26eEyMH8jXV1f6H/pmvLCWKxJmfolLuJYCZtX-Q7PKvazivehu1G8fHJat8),invoice
invoice_rec9yGb4g2P2NHJda,"{
  ""total_gross"": 12.29,
  ""total_net"": 10.33,
  ""business_name"": ""Burger King"",
  ""items"": [
    {
      ""name"": ""Big King XXL® King Menü"",
      ""price"": 12.29
    }
  ]
}",invoice_rec9yGb4g2P2NHJda.pdf (https://v5.airtableusercontent.com/v3/u/40/40/1745661600000/Ixt2kCjBnV302gTk_A-Xtg/XJ_aIUinlYOfbZctzdMw3Bz0Q3JqoTGyoG9atdYAxsLxme5TQrdsZmAHZOysSLWfuTtD4clW6mUwAjlGcPtVubNYVP5WojOX6wAsDYYXLVfNGwupGYglZdv8rpM8f8YQP7RLZlH7SnV4sItLLHC_C6vcPF8VVLm4Jt3QCedR0zCC5N2p_i7LbFKIX9731y-e/_G3B-YXpRsQ5NHrG3-EMzf1zT7Yxw5jQACTj5amVLzk),invoice
invoice_recYsN9Su9On0ER58,"{
  ""total_gross"": 15.79,
  ""total_net"": 13.28,
  ""business_name"": ""Burger King"",
  ""items"": [
    {
      ""name"": ""King's Emo D M"",
      ""price"": 15.79
    }
  ]
}",invoice_recYsN9Su9On0ER58.pdf (https://v5.airtableusercontent.com/v3/u/40/40/1745661600000/l9KRrGkbEaMdnJ6a4SyA3w/5gH14-oq4ia-ym5VYaAuzAcJVYq077FpzrzrwDoCD6vJY7dlggrWkppy52Vsknvtk0n4dGL-9MnqYNIx9dtnQRN8acT_0Zvi2yDL5n6a0YHqKAe9onr66zSoOE07T2OPYLHG1YL68NgtPXWCaMmFJtmquJ5Z-7kZHc60UNW5ooz2YmZ1YvVog1aPxdxxC1QR/nOiEgJ1ecm2SWU2EldOPUHjM5bLEowt4KAs3VRx9FMY),invoice
invoice_recVLrTGQIsXWavzz,"{
  ""total_gross"": 209.40,
  ""total_net"": 175.97,
  ""business_name"": ""Chito Gvrito"",
  ""items"": [
    {
      ""name"": ""Pils vom Fass 0,5"",
      ""price"": 10.40
    },
    {
      ""name"": ""Georgische Bier"",
      ""price"": 24.00
    },
    {
      ""name"": ""Tarchun 0,4"",
      ""price"": 32.50
    },
    {
      ""name"": ""tatara"",
      ""price"": 30.00
    },
    {
      ""name"": ""Vorspeise groß"",
      ""price"": 18.00
    },
    {
      ""name"": ""Brot"",
      ""price"": 3.00
    },
    {
      ""name"": ""O4 Adjaruli"",
      ""price"": 35.00
    },
    {
      ""name"": ""Chakapuli"",
      ""price"": 18.50
    },
    {
      ""name"": ""Soko Kezse Käse"",
      ""price"": 14.00
    },
    {
      ""name"": ""Schachlik Schwein"",
      ""price"": 18.00
    },
    {
      ""name"": ""kartoffel"",
      ""price"": 6.00
    }
  ]
}",invoice_recVLrTGQIsXWavzz.pdf (https://v5.airtableusercontent.com/v3/u/40/40/1745661600000/qBVWzrzg9EGq4t1Bxek9Qw/rpToD8HNL9B5lJjLhp9Py2ilbLMp9LOCsoIOH33Z42AXVIaai2vLqA3wIfRTsSTzbIx0G3vslSyd3LKgDnDnS4JS6u_gMaG2cF0hYeE5ZtJR-6RiuNzpdU7Gah4gbZvFtMuVRuGrnVC11SANwMoC03O-m1IiredRzaF4VfMBr4EMfdYURypcet9rH3uW8Fho/aKTNB03S-iC44spvs146lQ5PINe-xA69haZr8rs9Iwk),invoice
invoice_recegdkB6dUZaZREr,"{
  ""total_gross"": 146.71,
  ""total_net"": 134.80,
  ""business_name"": ""The Cloud One Hamburg-Kontorhaus"",
  ""items"": [
    {
      ""name"": ""Best Price including Breakfast"",
      ""price"": 146.71
    }
  ]
}",invoice_recegdkB6dUZaZREr.pdf (https://v5.airtableusercontent.com/v3/u/40/40/1745661600000/vIyaJXj6cg_lpahoaJvCCg/xyVb0lQJh39Fi1sukcb_ihnumQlfPX7JD1ugJ4zjDsjYXTfBsjzxKjFd3VtvHjXmcaZfHxV96X0U_YjYtwrwaDMR96wuA1aSuHdocB6IYNHdCXXG8CkvpT5J4tkbk_PbotsqQs6ZeJ_wKtwr516IVP7g9z9QZo1vaPDe0f72LxRkKKumTR8-F3XWJalJEp9J/J-VabxBckIOCvT7gPDdMAwrqTK-HjSDvxW2N2KGtjIE),invoice
invoice_recp4HVkuHiEIxUGK,"{
  ""total_gross"": 64.99,
  ""total_net"": 54.61,
  ""business_name"": ""Deichmann SE"",
  ""items"": [
    {
      ""name"": ""Nike"",
      ""price"": 64.99
    }
  ]
}",invoice_recp4HVkuHiEIxUGK.pdf (https://v5.airtableusercontent.com/v3/u/40/40/1745661600000/zcdQD1xRY4XhverkX2tfbQ/OHZ7mse_PvYmA1fOZhKU-1ijVp4PYFQnpwJ7vCZQ-Efa6aLcukydbgKPpUEq1obGGrgn9DjlsaGKPcvQ_NdTDvNN-VIR8VojSzsVEO3pgWeA4_2NZ9CX1ycbjQqFbCVmNkOhy8Uz7Kd6p6fj2_8rJMN6cc2uVs-zlIApgYGvd8luB46kbb6GH11PoMODT9nD/8YsxPiAffCnGrXzWpNHdRUcPH2uYg17sNuRYz77VCyk),invoice
invoice_recFZbWJ4SV9foXR5,"{
  ""total_gross"": 4.60,
  ""total_net"": 4.30,
  ""business_name"": ""dm-drogerie markt"",
  ""items"": [
    {
      ""name"": ""dmBio Grüner Tee Chun Mee"",
      ""price"": 2.65
    },
    {
      ""name"": ""Bad Heilbr. Mate Pur Tee"",
      ""price"": 1.95
    }
  ]
}",invoice_recFZbWJ4SV9foXR5.pdf (https://v5.airtableusercontent.com/v3/u/40/40/1745661600000/3WRIf8JiIDt-fkoIlqcgaw/vcv3LoFbSdLKokRaSPj1FRde_kaRxRQedL4-z7nuuY4DMBYhDPbDCq9s7UpKitdMG3CpTn9Byo63-7E0HTAXdSREBlGofk9I1iFxkG1xEsJgRncCdDX7U-vPpdq_oyrSIBCuUrS8xyXoKZtFTIaeGuGjmMC5BPcRgLyCvgn0vDQSDvndWSE0XpBYvKqhj6Vk/9vsWPS5cq_GkPcQmiF_WN1I3upbFo-uDaDWEPbIL948),invoice
invoice_recdlroCOu1RyjeqE,"{
  ""total_gross"": 73.80,
  ""total_net"": 62.02,
  ""business_name"": ""Cyberport Store Leipzig"",
  ""items"": [
    {
      ""name"": ""Samsung EP-TA5150 EP-TA5150XBEGEU"",
      ""price"": 36.90
    },
    {
      ""name"": ""Samsung EP-TA5150 EP-TA5150XBEGEU"",
      ""price"": 36.90
    }
  ]
}",invoice_recdlroCOu1RyjeqE.pdf (https://v5.airtableusercontent.com/v3/u/40/40/1745661600000/4KwZ1lnCuF6hyc-uqp4X4g/dpcNoaFo5SrnPe0Z6BzzDHHjYgN93kniJ_kwpp0aOscQdE-jkNcVnCVhw-7ib78iNPsaVNgZlgSZfqao6gNT4ks5OzHkw-1mkFzB3cBZyjPFzUUEyqUPMO9icT1Hy1H90R-1TQ3D3nWN5j4BaJRO8B1toQ1p5UI2Y-JuNvI2FyKay0Qea6nYMJz5H5kJ3zjQ/lkYwZ6y1EbCv61L5gwvDjklHQdzkubWzS6U6Bpc2kJo),invoice
invoice_recTyYF4RD1TGZ8bv,"{
  ""total_gross"": 13.50,
  ""total_net"": 12.25,
  ""business_name"": ""dm-drogerie markt"",
  ""items"": [
    {
      ""name"": ""Cupper Weisser Tee u.Himb.34g"",
      ""price"": 2.95
    },
    {
      ""name"": ""dmBio Grüner Tee Chun Mee"",
      ""price"": 2.65
    },
    {
      ""name"": ""Pukka Matcha Green 20x1,5g-30g"",
      ""price"": 3.95
    },
    {
      ""name"": ""Oral-B Zahncrème Extra frisch"",
      ""price"": 3.95
    }
  ]
}",invoice_recTyYF4RD1TGZ8bv.pdf (https://v5.airtableusercontent.com/v3/u/40/40/1745661600000/G9i2AzFbFfX0f5XVE1_ZKw/koc5nWfYBl82FuGq_s1OKwanED2_QhXQ-J35BaXlUvEQkZDf6HcnR4GcdLdvn5numthxJHWXZfmbzSQk13HVXgcys-zky09La2ZTmt98FZ8v0NAEvPve1S7jUAK0k-eM3TT59FHlMAwRya12MOQVNmDDSAQVrJNi6-RJ7CeHtoVYVZ0wrV_PBq1usZBfg-3s/Ts0fK5Ii51T1lXo2A6Lb09CVjtincKADsKBtHPsZ-KM),invoice
invoice_recgDb5Sy3oFtu7Fo,"{
  ""total_gross"": 6.60,
  ""total_net"": 6.17,
  ""business_name"": ""dm-drogerie markt Grimmaische Straße 14, 04109 Leipzig, Deutschland"",
  ""items"": [
    {
      ""name"": ""dmBio Grüner Tee Chun Mee"",
      ""price"": 2.65
    },
    {
      ""name"": ""Pukka Matcha Green 20x1,5g=30g"",
      ""price"": 3.95
    }
  ]
}",invoice_recgDb5Sy3oFtu7Fo.pdf (https://v5.airtableusercontent.com/v3/u/40/40/1745661600000/vdMJuQyPgIx72WXOqB1XLA/il_hXeM1IcKdBdLY-lY3-jCsveJM10Zx2THGdyXUwDfK7fjsHQ7a5LsOkuQVFAN3t9mO6hsiN9H8b_EHPIbXNLj7lVpVV2E99zND3zHEBX7BDiND18mAitGG7QOgH-BqbBXDTEtUMC35inz5knnZUt9PWkwt6FEkLN8ClVmhxT904J0HU1M_0JNUvTOZpigC/IFQJOwU7Kgix4AWgYrSi8eP7oaWfxe57q7ZEjv7UTk8),invoice
invoice_rectSMsOc2o2ZggMB,"{
  ""total_gross"": 84.10,
  ""total_net"": 70.67,
  ""business_name"": ""Don Giovanni"",
  ""items"": [
    {
      ""name"": ""Moretti 0,4l Birra"",
      ""price"": 9.00
    },
    {
      ""name"": ""Orange 0,4"",
      ""price"": 9.00
    },
    {
      ""name"": ""Fl. Schwarzbier 0,5l"",
      ""price"": 9.60
    },
    {
      ""name"": ""Bruschetta"",
      ""price"": 6.50
    },
    {
      ""name"": ""Pizzabrot Knoblauch"",
      ""price"": 5.50
    },
    {
      ""name"": ""Spaghetti Carbo. Tradi"",
      ""price"": 14.50
    },
    {
      ""name"": ""Tagliatelle al Salmone"",
      ""price"": 17.50
    },
    {
      ""name"": ""Rigatoni Don Giovanni"",
      ""price"": 12.50
    }
  ]
}",invoice_rectSMsOc2o2ZggMB.pdf (https://v5.airtableusercontent.com/v3/u/40/40/1745661600000/oyjBuoveMUUEBZ8Gv-D-mA/key2tXsJQLibYi9CKS5XyaoN_5NkLwQjT_v3JaY54LRp0UnhOA-pC2ogFwukjjkotynmAI8-YgieXUkv0uf7_cAW5i-kQ7ZDP9R6hc3AdBJKDIsNiV1Y-fbsAImNK8bl9Y7qJTLwhG5PmftdXbw0-ge6-LrzgT-GMVrLlepe0qMjRZLNcMxOLlBq9ylMMyW4/p296l21l-lvMB_I9sqv76iuBlz5pKfCzXQJnxTNIkfc),invoice
invoice_recrhmZAxkVJLxvOK,"{
  ""total_gross"": 54.75,
  ""total_net"": 46.01,
  ""business_name"": ""Cafe Extrablatt"",
  ""items"": [
    {
      ""name"": ""Frischer O-Saft 0,2"",
      ""price"": 3.45
    },
    {
      ""name"": ""Gr. Schümli Kaffee"",
      ""price"": 22.00
    },
    {
      ""name"": ""Beck’s Alkoholfrei 0,33"",
      ""price"": 7.90
    },
    {
      ""name"": ""American Breakfast"",
      ""price"": 10.45
    },
    {
      ""name"": ""Hemingway"",
      ""price"": 10.95
    }
  ]
}",invoice_recrhmZAxkVJLxvOK.pdf (https://v5.airtableusercontent.com/v3/u/40/40/1745661600000/4mNanHH3rS_NKT51Cn2RBA/eubS3PC4BTSgsdy_Bg9b7Uuit2sq_bENyi_GGCaSHRVUUxkLsnwPsL-8McBjYL9A2pqq0qkGuZukotcM4Ih9ytt1IWY83Vu-rEpXTpE-QVQeAcJs5FTP6XLaMASs_x_l_trD1GLHmPYcSSE38o0A54lLc4_8EqHijC0NbslYZOdHLu62-yQEiKUYv7-AXtLi/2pDgTycqz_Daqy9QPqsk9lpd6vraWBi-apQC1wjEvmI),invoice
invoice_recaRfVgkqFM1Pkho,"{
  ""total_gross"": 22.49,
  ""total_net"": 20.25,
  ""business_name"": ""HIT Frische GmbH & Co. KG"",
  ""items"": [
    {
      ""name"": ""Oregano"",
      ""price"": 0.89
    },
    {
      ""name"": ""Knoblauch rosa"",
      ""price"": 1.79
    },
    {
      ""name"": ""Champig. Crem"",
      ""price"": 2.49
    },
    {
      ""name"": ""Mutti Passata"",
      ""price"": 1.59
    },
    {
      ""name"": ""Gehacktes R/S"",
      ""price"": 2.81
    },
    {
      ""name"": ""GLB Schinken-Pfeffer"",
      ""price"": 4.99
    },
    {
      ""name"": ""Milr.Reibek.Auril"",
      ""price"": 2.59
    },
    {
      ""name"": ""Weih. Sahne z. K"",
      ""price"": 3.10
    },
    {
      ""name"": ""R.to go Granatap"",
      ""price"": 1.99
    }
  ]
}",invoice_recaRfVgkqFM1Pkho.pdf (https://v5.airtableusercontent.com/v3/u/40/40/1745661600000/OaEj_KwLiDGrrv5mn9eYhQ/dMxErps9ajlRmzK5bo7rf1jwpAILLC3JJhb8NUep6k4iX3fPEXDf1vprM2DcfjGNI0ZevH4d-zZNYkUYA8NErZbtGy_LIrP46_oxF0yNzGq2cR5NSetdmOcnJVVFdjhGO_OnhmOALrV3XkRNiJtZuNCM7XGixK0vLn6bxPYE2EPTMm1oPYB7e9JXNwQVAWIH/4EsnqCt_6_BFKrpSPkICtCJ0eYMH9JZ7fu9nj0Av1Uw),invoice
invoice_recjlWooL6XMcsS31,"{
  ""total_gross"": 13.75,
  ""total_net"": 12.85,
  ""business_name"": ""go asia Supermarkt"",
  ""items"": [
    {
      ""name"": ""Milikis Milchgetränk Soda 500ml"",
      ""price"": 2.39
    },
    {
      ""name"": ""Milikis Milchgetränk Soda 500ml"",
      ""price"": 2.39
    },
    {
      ""name"": ""Milikis Milchgetränk Soda 500ml"",
      ""price"": 2.39
    },
    {
      ""name"": ""Waffeln Sojamilch Geschmack 1 12,8g Bourbon"",
      ""price"": 3.99
    },
    {
      ""name"": ""Kaffee Bonbons mit Vanillecreme Füllung Espresso 150g"",
      ""price"": 2.59
    }
  ]
}",invoice_recjlWooL6XMcsS31.pdf (https://v5.airtableusercontent.com/v3/u/40/40/1745661600000/ykqHy65D7l6foAXiJsAS7Q/OEeYiVVc-_Vg-X9-HRhAo4NHyi27ydKQSbQhRgMjfE4fkiO1S4yGt-0Byyikw8eTPH3W9HUxJbPYRAbJ6KW5BzEK8M99d5QwlnJ5yNQ26hOtXTCqExOfdchrt_7YVnFY_a05Kf2j48XFKmh8X2S4-_EGw22Q-MVfkyGNcKDxa5nmy8_9CoeViFE7Qu8Af1wu/Uwan9l0RC4YobH_L6QLotnyCJ8WI9sa2cKnv1a_76d0),invoice
invoice_recJ8V0Lvp9Q2dguR,"{
  ""total_gross"": 270.30,
  ""total_net"": 227.14,
  ""business_name"": ""Steakhaus EL TORO"",
  ""items"": [
    {
      ""name"": ""Pfefferhüft Steak"",
      ""price"": 33.00
    },
    {
      ""name"": ""Rumpsteak Grande"",
      ""price"": 35.80
    },
    {
      ""name"": ""Filet Mediano"",
      ""price"": 32.00
    },
    {
      ""name"": ""Pfefferfilet 300 GR"",
      ""price"": 49.00
    },
    {
      ""name"": ""Papa Asada"",
      ""price"": 19.50
    },
    {
      ""name"": ""Frische Champignonköpfe"",
      ""price"": 6.80
    },
    {
      ""name"": ""Vanille Eis mit Schattenmorellen"",
      ""price"": 21.00
    },
    {
      ""name"": ""Palatschinken mit Vanille Eis"",
      ""price"": 11.50
    },
    {
      ""name"": ""0.5 Krefelder"",
      ""price"": 16.50
    },
    {
      ""name"": ""0.5 Brinkhoffs Nr. 1"",
      ""price"": 11.00
    },
    {
      ""name"": ""0.3 Brinkhoffs"",
      ""price"": 7.00
    },
    {
      ""name"": ""0.5 Weizen"",
      ""price"": 16.50
    },
    {
      ""name"": ""0.3 Radler"",
      ""price"": 3.50
    },
    {
      ""name"": ""0.3 Pepsi"",
      ""price"": 7.20
    }
  ]
}",invoice_recJ8V0Lvp9Q2dguR.pdf (https://v5.airtableusercontent.com/v3/u/40/40/1745661600000/SAYs2TsvOPnKOUNeI4y8UQ/2Xs7Cguxvz8QEM8ouj8BJLlvzhEHaCzx38yjhnGoTEgHfXhFMPPaO55-5zHspqdZLpl5EhBsDCijdKLz20w6kx3jMyx6KbnS-Vot1oiRQMr32xi3QglG-gvclVFOI93TJnJGBne7oWDEZzU5P9I0u04JLVFWYmCSk4YzresMXYY_8wG-U1FynK0Bn7_6OW-c/1Wio2aw3vxNipje7zsAn9d_6Y6OW5JhmS6VwZ6qfWbw),invoice
invoice_recFVad91IksK2PRS,"{
  ""total_gross"": 161.30,
  ""total_net"": 135.55,
  ""business_name"": ""Restaurant Herkules"",
  ""items"": [
    {
      ""name"": ""341 PILS 0,5"",
      ""price"": 20.00
    },
    {
      ""name"": ""345 HEFE DUNKEL 0,5"",
      ""price"": 14.70
    },
    {
      ""name"": ""340 PILS 0,3"",
      ""price"": 3.80
    },
    {
      ""name"": ""312 APFELSCHORLE 0,3"",
      ""price"": 12.60
    },
    {
      ""name"": ""1 GIOUwARLAKIA"",
      ""price"": 13.60
    },
    {
      ""name"": ""10 TIROPITA"",
      ""price"": 17.80
    },
    {
      ""name"": ""103 KALAMARIA"",
      ""price"": 19.50
    },
    {
      ""name"": ""141 GYROS ÜBERBACKEN"",
      ""price"": 21.50
    },
    {
      ""name"": ""144 BIFTEKI"",
      ""price"": 18.90
    },
    {
      ""name"": ""174 AKROPOLIS-TELLE"",
      ""price"": 18.90
    }
  ]
}",invoice_recFVad91IksK2PRS.pdf (https://v5.airtableusercontent.com/v3/u/40/40/1745661600000/CBgulWH5Ov8fZHoSX18NJw/a4UP5oId0KEk7gBZFHYslPrCSmJvW8smkIgxP4weT7tpfHE7B3t4job7b73kTjrAJl_ikzd5br9oxMjIwH4-jx4ENVInXM2pe50zQD7HlGiWa4X53Rp7DxDlGmDuw375QoKPZO6CDPcnjyeCb_pxhsKG9gM2BsxROol55TsfYaS524_qCZo1LpeKOzS9vpH_/FPFFx1kMQo6qm-aY5AUCOE28x6gVWbwurUj60k_T_Ak),invoice
invoice_recMytYUsgJeNIvMn,"{
  ""total_gross"": 24.15,
  ""total_net"": 20.29,
  ""business_name"": ""FIVE GUYS GERMANY GmbH"",
  ""items"": [
    {
      ""name"": ""BACON CHEESEBURGER"",
      ""price"": 12.95
    },
    {
      ""name"": ""FRIES REGULAR"",
      ""price"": 7.25
    },
    {
      ""name"": ""SODA"",
      ""price"": 3.95
    }
  ]
}",invoice_recMytYUsgJeNIvMn.pdf (https://v5.airtableusercontent.com/v3/u/40/40/1745661600000/5wEwnVSHNSCzAp6zvQhH4A/VqpL51sKZCIr1n5HNcJoRTYMR8boa3y5AloaHyRCSfmjMmLdBXN0x7BW3OEDO4xPCvMQYkda37fm2QXfAfb9PEz8H3rmR2tOVdxZZXrw92W82mfqS9KYt2Qt401PcgoOhfqwfJWD2THOfTHBY_zlEeEHvcz6j-iQjCACKY2aTy2x44AgTyVqVoXSXSGbFnPp/DWjfWI9JSvVrZ7ujwMxtCTEAtrngYAsExJSCqqelgd8),invoice
invoice_recjghWDGwQlrE73F,"{
  ""total_gross"": 112.99,
  ""total_net"": 94.95,
  ""business_name"": ""MEDIA MARKT"",
  ""items"": [
    {
      ""name"": ""EPSON PERFECTION V 39 II 304 SCANNER"",
      ""price"": 112.99
    }
  ]
}",invoice_recjghWDGwQlrE73F.pdf (https://v5.airtableusercontent.com/v3/u/40/40/1745661600000/ue4kbXMJAybG0IQBDYfnDw/oO8EzbaLAhS-LCzjldeKhmxGU75XIJIW_mkEfhS2IA2LnfY9z_DlF1yjEUNh1QUJlkKJg-8e55lf4zBUEyK5VXJ4FLwQchs0SSbWArOcZO6hqhwni01X--oJMiVt4DI8pWV9CDdG5P0YUL-2bxbCrTd4Mefuo5HOVPk_XD7n9tWiJSdI9lv7_FGBjI5KC_zo/QQRvc8ZwupCwO91e-sZDj9_l79jpaN74Ete-SdIjBFc),invoice
invoice_recc2k6CJbofrzPXc,"{
  ""total_gross"": 9.90,
  ""total_net"": 9.25,
  ""business_name"": ""Ludwig. Unternehmensgruppe Dr. Eckert GmbH"",
  ""items"": [
    {
      ""name"": ""IX Magazin"",
      ""price"": 9.90
    }
  ]
}",invoice_recc2k6CJbofrzPXc.pdf (https://v5.airtableusercontent.com/v3/u/40/40/1745661600000/a8vgsmZjSqdA-xU4FrXxYQ/C3nNeqR7chjLt4GOpUiDPAk6b6K74qhUA_RlG1UFBSymd2Jfqt4UYLmjI5sehBbKn4OjhrQBeGuxF22zuwgnN3lkWnvposwh_eckVPq9enjKWihCfjTEtKtJQA7Q58FktbQFwlCiIP_DT8DsApmThIKJFYwP5a9L6-9rrmXu1jDLKD497cj9okGlAYodK4M6/DEDqCJqzU3tyBLdhDraZLN51610eaY1m2o-r5kC7obk),invoice
invoice_rec2WDyPSoXCXpCUS,"{
  ""total_gross"": 10.99,
  ""total_net"": 9.23,
  ""business_name"": ""Stefan Timme Familiengastronomie e.K."",
  ""items"": [
    {
      ""name"": ""Der M MM"",
      ""price"": 10.99
    }
  ]
}",invoice_rec2WDyPSoXCXpCUS.pdf (https://v5.airtableusercontent.com/v3/u/40/40/1745661600000/i9b_nX_7kLUDbKy5Kg-Qug/ZaQxS7U_M_3UuhpBcUGrbKl2oE84BIpJ3sw5t75Y9FA3xnVmt8wVZtH38Q9usJ5tgyb-lm562291WNWxCQcll48DRmOv8TUTcJ6omyQtTHKNzIRSjgI_36_8-boUVJ6dYc1q43LJT7hQcSYW4I_Eg4J-L-L6mdjj9mOEmteZJedho4eQk_ijTfdPu73auFlH/ghc0dUS1Ha0EYuNZfoGzfrHJZoemZDSW5LmIRumyxI4),invoice
invoice_recTouqIbcBvNnUqC,"{
  ""total_gross"": 10.89,
  ""total_net"": 9.15,
  ""business_name"": ""McDonald's Deutschland LLC"",
  ""items"": [
    {
      ""name"": ""Double Cheese MM"",
      ""price"": 10.89
    }
  ]
}",invoice_recTouqIbcBvNnUqC.pdf (https://v5.airtableusercontent.com/v3/u/40/40/1745661600000/70Y4mLLla8MeNKzIy4KUuA/J8HOdvQZ6QtDQymsEUFYmOEMEjpD8DmFN0hyl05Uaimn54ahL-XB9KZz2RPf6-ohF2KjYQT56dyz-stW9tVjt3ubRfD_94y-AJZ5R6LJeGlJ-vSOxbAGxIWIHDk9ie4hf6FaHVccFcfs5JRXNNQz-6LU1bG9bqDq2i_khc6-V4EyYcN51G4fMZoLVjy6Apqw/F1hEmoEhPnAKRinDwfU5L8b6W5Tv3N8MqNOc1JxHe30),invoice
invoice_rec57vCzQp1BzyxR9,"{
  ""total_gross"": 95.90,
  ""total_net"": 88.03,
  ""business_name"": ""Motel One"",
  ""items"": [
    {
      ""name"": ""Bestpreis mit Frühstück"",
      ""price"": 95.90
    }
  ]
}",invoice_rec57vCzQp1BzyxR9.pdf (https://v5.airtableusercontent.com/v3/u/40/40/1745661600000/ojcpfvZHJFT2j-D9-OPaOg/0E2atrB0q-YWEb56RDUAj46-H6Qw6yk6XQtYpWbAcKoZjqrYgsM2RvPW58iwHbE0b3T8NJh4QTBIjhg3BePsC5Wnow8u17PO4GWzZ4gAV4QMX2udSosNPv7AQq8wU_0IK9tVj3cakc7vsXZF3OB2xj0r5KhaqH9a6Jao2MiTDECteHR_J9LHnn0_0N-NG9jJ/I7dUZRkf528XR0xSVQ9rY5xIXAj0rSIpCUi1rNNzE24),invoice
invoice_rec2YTyfnPoBgjXMp,"{
  ""total_gross"": 162.85,
  ""total_net"": 150.61,
  ""business_name"": ""Motel One Berlin-Hauptbahnhof"",
  ""items"": [
    {
      ""name"": ""Best Price including Breakfast"",
      ""price"": 162.85
    }
  ]
}",invoice_rec2YTyfnPoBgjXMp.pdf (https://v5.airtableusercontent.com/v3/u/40/40/1745661600000/53q-vOuZNik5zZOpPodYVA/gcmP0rj_qilXGcll3bFuPDnJBv9q3JnlpL9YZ_N9wvb_R0cKxkuHN4IkVJhPbwKpIqqzYDd6iW-XZJi6zm5NbgPcIfpwURTe877Go9UyzziBHdXga-5-3Fi0taD-EP3DHu73joigOxEy0BLVrQxbjRdFe_N_mJc2Sw8YS1Dhpb0HQqtzELIPQSvcmuwa5PWv/Rj-MnGM_nXod11t3ERswEyIYx52oYbRPQObAnJF-FbU),invoice
invoice_rechgq2ZV9vuDcYwS,"{
  ""total_gross"": 120.45,
  ""total_net"": 101.22,
  ""business_name"": ""Mississippi"",
  ""items"": [
    {
      ""name"": ""Mo Jo"",
      ""price"": 10.90
    },
    {
      ""name"": ""Jum.Pornostar"",
      ""price"": 15.90
    },
    {
      ""name"": ""JUM:MARACUJA SAFAR"",
      ""price"": 16.90
    },
    {
      ""name"": ""Jum.Nikita"",
      ""price"": 16.90
    },
    {
      ""name"": ""JUM.Nikita"",
      ""price"": 10.50
    },
    {
      ""name"": ""Jum.Pornostar"",
      ""price"": 10.50
    },
    {
      ""name"": ""0,4 Cola"",
      ""price"": 4.95
    },
    {
      ""name"": ""Jum.Miami’s Best"",
      ""price"": 10.50
    },
    {
      ""name"": ""Apple Sour"",
      ""price"": 13.80
    },
    {
      ""name"": ""Mexikaner 2cl"",
      ""price"": 9.60
    }
  ]
}",invoice_rechgq2ZV9vuDcYwS.pdf (https://v5.airtableusercontent.com/v3/u/40/40/1745661600000/SCqzDfFsliyjc53zk6IuDQ/bO9wMl9R7ydf7QDNlScT6cjiH0HX8vLJS_MJGJWM2Vc-ks2Fovrg0lYMJXVameCMR056nPfNuPAgYY-SxoJDFIWJ-MGXS0oke8TDku85TICZ3-qqN_sKLvxuuKSD28gSMbc7Ax9axynTqBejhK9GxjiOCbHD1IPdZ-Abrk7dxy_NM-g7428bqTDRdnoRdwRd/QyhxJ7FisLxD2MJkC6LoHleDVkintWXywF_skpvSto4),invoice
invoice_recGRlyYkHbzIP7pH,"{
  ""total_gross"": 206.36,
  ""total_net"": 189.67,
  ""business_name"": ""Premier Inn Hannover City University"",
  ""items"": [
    {
      ""name"": ""Frühstück Speisen"",
      ""price"": 5.07
    },
    {
      ""name"": ""Frühstück Getränke"",
      ""price"": 5.07
    },
    {
      ""name"": ""Übernachtungsteuer/Kurbeitrag"",
      ""price"": 4.00
    },
    {
      ""name"": ""Umsatzsteuer 7%"",
      ""price"": 0.28
    },
    {
      ""name"": ""Übernachtung"",
      ""price"": 74.00
    },
    {
      ""name"": ""Frühstück Speisen"",
      ""price"": 11.83
    },
    {
      ""name"": ""Frühstück Getränke"",
      ""price"": 5.07
    },
    {
      ""name"": ""Übernachtungsteuer/Kurbeitrag"",
      ""price"": 4.00
    },
    {
      ""name"": ""Umsatzsteuer 7%"",
      ""price"": 0.28
    },
    {
      ""name"": ""Übernachtung"",
      ""price"": 90.00
    }
  ]
}",invoice_recGRlyYkHbzIP7pH.pdf (https://v5.airtableusercontent.com/v3/u/40/40/1745661600000/hIP7juvKieHOiC0QsIbkGQ/GN0fyumI3MKWRQHOjPDbRcPUNz3ews6nEz1pNzkmf-nzLEuQEYOYb_pQsmuWNbpF9WuOSkXG9SRgJy4vZON8yQ9CMA9uMV3VCMUTX1aauX2kJbZ9-lOEsbWMM9Ev-E1uoPqt0Sijj_-Gw4-2sgHXut-GSxKKr8Oii4Djy9r_gl7piOfZdxUU5EU0oHVmG_j5/GxgJTnSRO8jQk6y9V3SUViTPkvm-I-J4iiEK3iDDE8k),invoice
invoice_recdTY64ULXJkQbE5,"{
  ""total_gross"": 17.00,
  ""total_net"": 15.89,
  ""business_name"": ""PIZZA-TURM"",
  ""items"": [
    {
      ""name"": ""Piz. Calzon. Klein"",
      ""price"": 11.00
    },
    {
      ""name"": ""Piz. Salami-Mittel"",
      ""price"": 6.00
    }
  ]
}
",invoice_recdTY64ULXJkQbE5.pdf (https://v5.airtableusercontent.com/v3/u/40/40/1745661600000/8sUEmB1IqWeJSbusfEowPA/41k-bpwoFLK41JXoqpHjqmeZ_02f7ICTulpbWDfSTqf_LbYri8-XGkx_hL8FH4hHsv_nQ0kSVeJX4EgMjcHLgChYOalGrAxlC_oGGPZWMawVKKvkXatN0upJYOqiXK_D1sxWRXSbEYG5PlmbyY0Afs66HRBCr9NNSSjmYspiZjxJzxbBiXKZjeCTPS2jxoPT/oUjKVGp4vvimKLMf_NmoU1mS1VjIeTmJALQBXxuiM0k),invoice
invoice_recrV3FBDOzs3KlVk,"{
  ""total_gross"": 13.62,
  ""total_net"": 12.57,
  ""business_name"": ""REWE Matthias Hürschel oHG"",
  ""items"": [
    {
      ""name"": ""BAERLAUCHBEEKL"",
      ""price"": 4.79
    },
    {
      ""name"": ""OBADZA KLASSIK"",
      ""price"": 2.29
    },
    {
      ""name"": ""G. OLIVEN KNOB."",
      ""price"": 2.19
    },
    {
      ""name"": ""THUNFISCH IN GUS"",
      ""price"": 2.79
    },
    {
      ""name"": ""LANDSB. SCHWARZB."",
      ""price"": 0.75
    },
    {
      ""name"": ""LANDSB. MAIBOCK"",
      ""price"": 0.75
    }
  ]
}",invoice_recrV3FBDOzs3KlVk.pdf (https://v5.airtableusercontent.com/v3/u/40/40/1745661600000/qRmUu1x52mDtXjL21O1QDQ/rqHM0tJKJ2goXWkSY6pqstxD89LOzRJkbkg0RmkIMV-4Y4bh0GoTUwekkA20XI0VCb_WUp_-ieUskcmeOg1cDBjQkPERK3vegvlcB_-ELrHkYbI7FGQRPkt-97_gkHn897988bJc0YvYjqeN70gSgLsjSekOGuuXL8jxg3HA9lqOr5pAH9-2axXmQn3rXVaS/KTOAnHvXRGjiTAJ-FUBjfVt5GtDKUpaK5pKDMxrewa0),invoice
invoice_recpbzE8bfqAWcC1u,"{
  ""total_gross"": 33.50,
  ""total_net"": 28.15,
  ""business_name"": ""Parkhaus Rödingsmarkt"",
  ""items"": [
    {
      ""name"": ""Parkentgelt"",
      ""price"": 33.50
    }
  ]
}",invoice_recpbzE8bfqAWcC1u.pdf (https://v5.airtableusercontent.com/v3/u/40/40/1745661600000/igsaqR8YjztCeiqJznWIxA/V7b4EkXRXGZWy5st8ymrxBVAyb7YSXPYeZenKi5iUl_VHT2HPttizpWMCPwJvmExLyAXPgn0GMo0-wF7gFr0wJ5Cz1ityaKdRM6MyxXZXqy79k-FNH9QcyqTk6-BaWBs4oIIm46thaOvl2_05_heSTCOEGMc-FH6jnm-Kv2qbRdHKE-Pr8jI9RlZ-Ud6KfDI/pzBZW1vHhbCac0LK2k7hmV7mogLvq34U8uN9sE6egAw),invoice
invoice_rec1JB6TdsNMPIl6u,"{
  ""total_gross"": 124.21,
  ""total_net"": 116.08,
  ""business_name"": ""Premier Inn Hamburg City Zentrum"",
  ""items"": [
    {
      ""name"": ""City Tax"",
      ""price"": 3.00
    },
    {
      ""name"": ""Accommodation"",
      ""price"": 121.00
    }
  ]
}",invoice_rec1JB6TdsNMPIl6u.pdf (https://v5.airtableusercontent.com/v3/u/40/40/1745661600000/Y_OQhKJV4e27Lan1xMFCXg/kYxfV8UYFKOxGmgB69XctrVQ5qU7GWa5TNVOyoCk66jAsBKGmqkiRH0nlvfeE2pC6f6VmfX2KBTuZTow3SYYqy6ESJ6y1OGON_tyo_KgARIchfBj6qErs02GbgQKNKRGTa7fJJAR1T1Y7z21_r_ZBWGeAuhBkDsquppMwZG2hgcEjH5F6UHo_7mkXYe-LYeo/PximeRtGXOIpa5ISr2FDIMCKtS4AjWfKx0ZbOZOn3-U),invoice
invoice_recroURut2llhg13n,"{
  ""total_gross"": 1.10,
  ""total_net"": 0.92,
  ""business_name"": ""REWE Matthias Härschel oHG"",
  ""items"": [
    {
      ""name"": ""MIO MIO MATE"",
      ""price"": 0.95
    }
  ]
}",invoice_recroURut2llhg13n.pdf (https://v5.airtableusercontent.com/v3/u/40/40/1745661600000/FiPgEX8DyDNqMBUFSDMF0g/APmtJ8TD9QPznIQEmvkbbAZRPEmy4YKhFi9j416IdP35llhfeEgKdtKttcq_tkLmG7yr_99csiDCg3iQZlcSau409gFjvximITK61hHcjS5wit05Wg6f8AkxffqXcH2Q-251MJPiaZ4nrSsZAVbMGbJBaREe5BsmqCBhPj3jz1_jHwfBcHhK8Y8qf0Zh8Zuo/JbQZE5iJd2fWE_YMA5CJ3SGjxNu23Hq82EiyBZor1hE),invoice
invoice_recLQaEnS0Wtab74M,"{
  ""total_gross"": 19.17,
  ""total_net"": 17.41,
  ""business_name"": ""REWE Patrick Vorig oHG"",
  ""items"": [
    {
      ""name"": ""Kerrygold Cheddar"",
      ""price"": 2.79
    },
    {
      ""name"": ""Milram Burlander"",
      ""price"": 2.49
    },
    {
      ""name"": ""Gouda JG Scheib"",
      ""price"": 2.29
    },
    {
      ""name"": ""Anno 1688"",
      ""price"": 2.49
    },
    {
      ""name"": ""Cranberries"",
      ""price"": 3.79
    },
    {
      ""name"": ""Landsb. Schwarzb."",
      ""price"": 0.75
    },
    {
      ""name"": ""Zewa Ultra Soft"",
      ""price"": 4.49
    }
  ]
}",invoice_recLQaEnS0Wtab74M.pdf (https://v5.airtableusercontent.com/v3/u/40/40/1745661600000/gqD0qwqbIsEQQI9sAK5zvQ/3fUXvgmwvOvgpqfdrCAOW98lAm6jeYYvthFXYIj4teK2uFbCiqLrZ8HeBgh2BElTfA7RG3LPJeGkMJilVTMkITvQei2uHK7efra924UBE4Jel48Pk3OVxeJR1uGxYoPkVDf2KBrKSjaujp5SZ6hxMMB8Qyy1exKPuaTi06GcRtf4lvdhBnlXCTDr0SybCpRq/IwrOfsz2q5cJ2TW8yi9ZAets2ELksgkHaFQGN8525fw),invoice
invoice_recheDwicMvy7OuI7,"{
  ""total_gross"": 35.99,
  ""total_net"": 30.24,
  ""business_name"": ""SATURN ELECTRO"",
  ""items"": [
    {
      ""name"": ""HAMA SMARTES HEIZKÖRPERTHE"",
      ""price"": 35.99
    }
  ]
}",invoice_recheDwicMvy7OuI7.pdf (https://v5.airtableusercontent.com/v3/u/40/40/1745661600000/-laxXsUa7-RsZMtaQXaadQ/cs2qLi2-g_mmiUMpE8BScruoNptgLBjlkq7ZKz49ossgI2bpmWe51pZC_z7CI12XhJsCLAtCmii47DDRSY9PXO4zFQvGuHTQC_3uycCaKnI50UcbxDiynqCewipllP5uUGb3gIOUpL5VyPN1wGJ8kY2E8NShelQw6OKbxWU0vcdGjxD5bDxwNBhpp-B-nyq8/R69rqSy7WiFOLlsaP_oAHyuShiBsiuEFq-j8idvJ1X4),invoice
invoice_recRvZ4ecIhQniabn,"{
  ""total_gross"": 16.25,
  ""total_net"": 13.66,
  ""business_name"": ""Frittenwerk GmbH"",
  ""items"": [
    {
      ""name"": ""Avocado Chicken Bomb"",
      ""price"": 4.90
    },
    {
      ""name"": ""Tijuana Street Frie"",
      ""price"": 11.35
    }
  ]
}",invoice_recRvZ4ecIhQniabn.pdf (https://v5.airtableusercontent.com/v3/u/40/40/1745661600000/D3aHlsq1xNcMqg7bfiSKjQ/ttHSBBLO0VvqwFs3Mg8swUnv5R_A1DbbLKwaVZjX1kVpuK0sI2nThqPAANpGbjVBOJPWf287njmPLEvpK8ltx5Gz-y_CooCvgSTK2QOsydjruGz-RKR_13WOjplDOM45hMQ2TCyDESEL_N3_Ja9fxJPkiwqdn0OiayZMUd-kEtTGZ3GQIQ1ATY8e-4wdRWp6/hLw7mBS42HAYuaxp53jmP0Gc3QSXvGkTvMX10ir3Ejs),invoice
invoice_recsZodqIi4dX9pMl,"{
  ""total_gross"": 71.98,
  ""total_net"": 60.48,
  ""business_name"": ""SATURN ELECTRO, Willy-Brandt-Platz 5, 04109 Leipzig"",
  ""items"": [
    {
      ""name"": ""HAMA SMARTES HEIZKÖRPERTHE"",
      ""price"": 71.98
    }
  ]
}",invoice_recsZodqIi4dX9pMl.pdf (https://v5.airtableusercontent.com/v3/u/40/40/1745661600000/_LNEbUqhbFW27pqjTZUWow/G7etApzsNTaPqTD-U1zSUMF3NB672K8yik0l-DQINKlAmiAXefnQX6A_xASExcZOV6OG1o2-eNSNcDK1rtGCEOBOoR3D6HHCyv3JUab3xyHeY0Ck2AaQhyvDPpZFX7O_C8XoLgX8wcsKrGDc26WPeXima2UaP3GXxTNjWVZePfrS6INdHMfVfmMkHubRutg4/tqX_ZcK3qJFdZn7oMu7nzvmELykAwCANdqBPlp0qA7k),invoice
invoice_recZ4M2DYq1Mqmu4d,"{
  ""total_gross"": 7.59,
  ""total_net"": 6.38,
  ""business_name"": ""SSP Deutschland"",
  ""items"": [
    {
      ""name"": ""Matcha Green Tea Latte Venti"",
      ""price"": 7.59
    }
  ]
}",invoice_recZ4M2DYq1Mqmu4d.pdf (https://v5.airtableusercontent.com/v3/u/40/40/1745661600000/R1chyodx4o1LlE57QWAYgw/MZ5cWH3YeTsZBxFVwbL7tcmqrvHqrHpUaTKzOqbEquyDbVKhnMrqw2codbi7gZhB2zuAjeeb6DOdUwm7-ehgbaHy_prkdEWmwMQOaaxc2JB6P-9EJ8Ksj9IiWtmJ5_5Sgq9JmFpeUKrmbInqoONKiO0lCACNCa0OFRtkxKq8dRVV1_T_oYpSrzqCv96kNc9T/D2UoLxaKV9glfWw4br7i2gLsu8qPaMOlbBLa8Qh01JU),invoice
invoice_recuDJddkivvhbOjM,"{
  ""total_gross"": 9.49,
  ""total_net"": 7.97,
  ""business_name"": ""toom Baumarkt GmbH"",
  ""items"": [
    {
      ""name"": ""Mellerud Schimme"",
      ""price"": 9.49
    }
  ]
}",invoice_recuDJddkivvhbOjM.pdf (https://v5.airtableusercontent.com/v3/u/40/40/1745661600000/gViLe4PnDEjILVkScuCBQw/Z3my2Ct5rRHTiteyuBvpvh8PCX8S0AswUNUXvVgE76hGIXPnMfnLsVUNGftlPcEgQz4AjtxMXOcgRJwQJX8CcrMZs0KpHWDflF47cDA-F1uTojprpuGuFq9xwbxgTgsILGgmsd7ShQaEBc7_X8hn52dtLOhu-tqHlKxQ0HWrRU5Q4OdDFwJK9UygWDjXWNen/4mx0ijimgCxeOghKaOqYVBXMdv8eAzzcHj6qmwf6zBo),invoice
invoice_rec4PSvGh8YIAA5rp,"{
  ""total_gross"": 91.19,
  ""total_net"": 76.63,
  ""business_name"": ""star-Tankstelle"",
  ""items"": [
    {
      ""name"": ""Diesel"",
      ""price"": 91.19
    }
  ]
}",invoice_rec4PSvGh8YIAA5rp.pdf (https://v5.airtableusercontent.com/v3/u/40/40/1745661600000/yl-wWK6xnL7Do3Z_ecTmJw/kFJJ2PZSEj0Qjso_auMjQluSfiw0kjjMqXC5vRjv39sflo3-YASLUn5nBZVYNdo948hhU87eH-vn25699bOD5wpq_YkTc9I0mWeP0jBsuDamK-joWJ3N6TWZNjbSTA_B71A7fN0d6IHB9Xuo4J-nlDt6gS6B0E6U91M3vXJlVrNGVfuZWIYdMSBPaKGtGvHf/5M2-CFAv973Pf4zLSwGsRJPRqil5NWbD3L5ukI16Veo),invoice
Order_recYTa8jkYr21qgla,"{
  ""buyer"": {
    ""buyer_company_name"": ""NORSE Tech and Innovation Hub GmbH"",
    ""buyer_person_name"": ""Felix Hammerstein"",
    ""buyer_email_address"": ""fhammerstein@norse-hub.com""
  },
  ""order"": {
    ""order_number"": ""4701865786"",
    ""order_date"": ""29.10.2024"",
    ""delivery"": {
      ""delivery_address_street"": ""Im Gewerbepark 21"",
      ""delivery_address_city"": ""Münster"",
      ""delivery_address_postal_code"": ""48157""
    }
  },
  ""product"": {
    ""product_position"": 15,
    ""product_article_code"": ""J1387321"",
    ""product_quantity"": 7
  }
}",Order_recYTa8jkYr21qgla.PDF (https://v5.airtableusercontent.com/v3/u/40/40/1745661600000/et1HTaIGsdWO8p3rV1gotA/Q4ef9iiR2qN4IKD0uL2BenskD3oZ8BmojTnHYT9UGdxtsxwePedjkYPVYIPaglAQSWsEIpYjHxOTSX6WqwHM0tXLz9KRaIEZjmag9-7BXhCJ4D942AkQnkHLoDG12zl4d0c_Usu2VMPjRCeL7I_suXgyde6sQiSKe2LU9rwS5zmoka8897Gg6V2EZWz3fRg2/c80a1gzVLMn5FvhQb9AJkOuI9nhtj3UrAx-rYUDYY2k),Order
Order_recAoAwa5AVEcl5eM,"{
  ""buyer"": {
    ""buyer_company_name"": ""TECHNOVAC Systems GmbH"",
    ""buyer_person_name"": ""Lena Hoffmeister"",
    ""buyer_email_address"": ""lhoffmeister@technovac.com""
  },
  ""order"": {
    ""order_number"": ""6204869120"",
    ""order_date"": ""28.10.2024"",
    ""delivery"": {
      ""delivery_address_street"": ""Bahnstrasse 12"",
      ""delivery_address_city"": ""Heathrow"",
      ""delivery_address_postal_code"": ""87700""
    }
  },
  ""product"": {
    ""product_position"": 10,
    ""product_article_code"": ""12554297"",
    ""product_quantity"": 2
  }
}",Order_recAoAwa5AVEcl5eM.pdf (https://v5.airtableusercontent.com/v3/u/40/40/1745661600000/c_A4ff1yuvdmOUFnJctLcQ/NdQa-3B0QYo5sBDRnfP3zMlm1zIO00i_jFrnT21cc_-PSX-Ng-pwffwAN6YZhAkubQiPlV8tcN524p7bDcXCIwBVkxLPA7Qr9OIKuaxWWdV3MxCveCZNV0pEoi3U0LUM1yg6nQPsvZEkvuXJeF7JXcFcxXHuQpf_Tl3X8Vb6ZSuS570-PrziF4IVcM4lAUBX/etZitiTTlerVfqYomBFwiZdEzFEHXDksYRV82RvDiP8),Order
Order_rec2lvVfoMugIXz9g,"{
  ""buyer"": {
    ""buyer_company_name"": ""Hofbauer Engineering GmbH"",
    ""buyer_person_name"": ""Matthias Greiner"",
    ""buyer_email_address"": ""mgreiner@hofbauer-eng.de""
  },
  ""order"": {
    ""order_number"": ""6289574105"",
    ""order_date"": ""30.10.2024"",
    ""delivery"": {
      ""delivery_address_street"": ""Industriestr. 9"",
      ""delivery_address_city"": ""Falkenberg"",
      ""delivery_address_postal_code"": ""84326""
    }
  },
  ""product"": {
    ""product_position"": 1,
    ""product_article_code"": ""X920381342"",
    ""product_quantity"": 3
  }
}
",Order_rec2lvVfoMugIXz9g.pdf (https://v5.airtableusercontent.com/v3/u/40/40/1745661600000/cayah_YjNfuqk5JBatO0Qg/-vysayjvZxFKOYoW8JK8C7a4FgvTTOxH2fD2Gxy95yKwI_nrOsElqymmbhSV7Ph0LVBcDiAeK-lU2P-sBhdlMUMRlZljHtUT5Wzn7BOevn-5MfVQz3PSr7zKekqQwSn5E8rz5hpyRZll7UpGazRVEVv51ViagV6hw9PS-WFAng5ym_lQ1fqOYfW9_2xdp_fW/Tzbqtx8QEegSJaJx26JlQf92NLdp6dgXMPWyETQhijc),Order
Order_recqeBaiDdWggsToe,"{
  ""buyer"": {
    ""buyer_company_name"": ""NT Precision GmbH"",
    ""buyer_person_name"": ""Tulia Faber"",
    ""buyer_email_address"": ""einkauf@nt-precision.de""
  },
  ""order"": {
    ""order_number"": ""2202408477"",
    ""order_date"": ""14.11.2024"",
    ""delivery"": {
      ""delivery_address_street"": ""Mad-Planck-Straße 10"",
      ""delivery_address_city"": ""Weiden"",
      ""delivery_address_postal_code"": ""92637""
    }
  },
  ""product"": {
    ""product_position"": 1,
    ""product_article_code"": ""M7630260"",
    ""product_quantity"": 3
  }
}
",Order_recqeBaiDdWggsToe.pdf (https://v5.airtableusercontent.com/v3/u/40/40/1745661600000/8kHybz2QW1TmhijkWoCUxQ/v88Iz9wOwibCTPaMWhmhH88JpHVyB0J3yEtUybVcVFiOmSO8LV6YiddH2Nzca5sac9fLaih7z4CsDFG-ytKVDIbw7_pmPmoitIeTVDbH4SGSNkfUdH-RSEwrZf67n53JuBCrir8ADrtsrBYAH217y1GHTbcdrKtJM5CRQbITZeJ1MTIgTzWsshmc3OMBSsCV/iba6VHQzhBLqa0mCXboTJ6LtoP8xwW8VLPpDBanJf14),Order
Order_recFcl9ugKRfGg248,"{
  ""buyer"": {
    ""buyer_company_name"": ""Möller Industrial Tools GmbH"",
    ""buyer_person_name"": ""Lennart Weiss"",
    ""buyer_email_address"": ""lweiss@moeller-tools.de""
  },
  ""order"": {
    ""order_number"": ""202482519"",
    ""order_date"": ""14.11.2024"",
    ""delivery"": {
      ""delivery_address_street"": ""Werkstr. 19"",
      ""delivery_address_city"": ""Ludwigshafen"",
      ""delivery_address_postal_code"": ""67059""
    }
  },
  ""product"": {
    ""product_position"": 1,
    ""product_article_code"": ""P45233786"",
    ""product_quantity"": 100
  }
}
",Order_recFcl9ugKRfGg248.PDF (https://v5.airtableusercontent.com/v3/u/40/40/1745661600000/mZvajIANiI0b4HJqf8s6cQ/wKQ_ynyTkwHnq0728uNz_GKHocdQc4GI4RG8PhsU5-7R6eeB6wKYMLbrjjud-Fr8G5hYGTcCQzNG1hGAo76TnIxER4OEQx_XjT2x8ZfoJojPcxK10P4i95ufHH3OMrcVG_BvhOK18nnjljrlY0OS9DLS94T51JAPkMy7gjGH0LZxFtYssjwyUP4-VaqUV0SB/ZwBd6hphBW2xqwqeBYx2U9lxVWsBCvP5YhKn--BSUX8),Order
Order_recxPHw8fuEpSKZF3,"{
  ""buyer"": {
    ""buyer_company_name"": ""Weber Tools GmbH"",
    ""buyer_person_name"": ""Nico Hartmann"",
    ""buyer_email_address"": ""nhartmann@weber-tools.com""
  },
  ""order"": {
    ""order_number"": ""143632"",
    ""order_date"": ""14.11.2024"",
    ""delivery"": {
      ""delivery_address_street"": ""Bergstraße 42"",
      ""delivery_address_city"": ""Darmstadt"",
      ""delivery_address_postal_code"": ""64293""
    }
  },
  ""products"": [
    {
      ""product_position"": 1,
      ""product_article_code"": ""G9723491"",
      ""product_quantity"": 2
    },
    {
      ""product_position"": 2,
      ""product_article_code"": ""F9089204"",
      ""product_quantity"": 2
    }
  ]
}
",Order_recxPHw8fuEpSKZF3.pdf (https://v5.airtableusercontent.com/v3/u/40/40/1745661600000/00QvmcoVYLwYIXD5Q2DVhg/bVAlg3u_KjKu8gzVqaewYCHwjmGLM17-7HAnlbgsi7FKN3nxf61l6iw6k_Xk85X9BvOjWgAYmsxKUPB2T1HWmKz83nLejJLYMnaXHfq8D1PH6f7GkTD3FW3IIlPhXl9Bwt7dRlXk6LOhGPQGo6MttQv_bsa7zU1wutwCncYD4-A42ooEU1J9zu8_liYS5qgu/gpFZEkl8wFKxiG_rT-VQzOGG6Vr8WA89GzKYYSgPPeE),Order
Order_reckRSXiM6fmEBMmT,"{
  ""buyer"": {
    ""buyer_company_name"": ""Schneider Metallbau GmbH"",
    ""buyer_person_name"": ""David Lehmann"",
    ""buyer_email_address"": ""produktion@schneider-metall.de""
  },
  ""order"": {
    ""order_number"": ""24-3213-01"",
    ""order_date"": ""14.11.2024"",
    ""delivery"": {
      ""delivery_address_street"": ""Hafenstraße 78"",
      ""delivery_address_city"": ""Hamburg"",
      ""delivery_address_postal_code"": ""20457""
    }
  },
  ""products"": [
    {
      ""product_position"": 1,
      ""product_article_code"": ""P8420610"",
      ""product_quantity"": 5
    },
    {
      ""product_position"": 2,
      ""product_article_code"": ""P8420501"",
      ""product_quantity"": 2
    }
  ]
}
",Order_reckRSXiM6fmEBMmT.pdf (https://v5.airtableusercontent.com/v3/u/40/40/1745661600000/0xNYOcnJ3O19-8y3mrd4Bg/LWiZZZ1TPXJ9pHoi3bwTgo1KAlO2QFjCufq9wXhSwKo0GL1s40_n_nwfT4KKn4AEqnuRj7WtzNQ4JKJgJ3Nvf9OhgFOeT5do2cxJMxyFJN4XQLInzo7kUxws18-wIaNa3TGHtd9FREYr0IMEfjGRZd7TL_ulvVz4AyrZYNoaZwI_7QtTsLFnF0BTVmJ5LSs5/AV4Vgo3furzxNDFQyvWwmrOzi5bNRtET9-9bBuc7vYw),Order
Order_rec3SOqB1o5gh6ZHB,"{
  ""buyer"": {
    ""buyer_company_name"": ""ZMT Precision GmbH"",
    ""buyer_person_name"": ""Fabian Reuter"",
    ""buyer_email_address"": ""freuter@zmtprecision.de""
  },
  ""order"": {
    ""order_number"": ""67078"",
    ""order_date"": ""15.11.2024"",
    ""delivery"": {
      ""delivery_address_street"": ""Industriestraße 12"",
      ""delivery_address_city"": ""Düsseldorf"",
      ""delivery_address_postal_code"": ""40231""
    }
  },
  ""products"": [
    {
      ""product_position"": 1,
      ""product_article_code"": ""W50410008"",
      ""product_quantity"": 20
    },
    {
      ""product_position"": 2,
      ""product_article_code"": ""H8616501"",
      ""product_quantity"": 1
    },
    {
      ""product_position"": 3,
      ""product_article_code"": ""P8321501"",
      ""product_quantity"": 1
    }
  ]
}
",Order_rec3SOqB1o5gh6ZHB.pdf (https://v5.airtableusercontent.com/v3/u/40/40/1745661600000/K0rWV8E7CXz7Jes0cDQRXg/D7Q6bsShCRlTqD04DoI1bAhnJ7XOyh1YJA75GfdraFWt33m57G8iIFA4UwgJx-36EOqX5uUyzVaaDbOofChkdi2YpJv7YV0zgncDwv8U5yv3nyUP0qwoi0X8wNuxF1k0HlvqKo7wzXq5c9nJvg1bX8ST7IlFqa5lA1-eGda_ebaK9jbVX0gMacVA9cOhbnvH/N_fwF9tNwMRpDfB9aVchFppTvnpc3rU2rBFmbjeOO4A),Order
Order_rec12Fz5wemRIsfAJ,"{
  ""buyer"": {
    ""buyer_company_name"": ""BauerTech GmbH"",
    ""buyer_person_name"": ""Sophie Lehmann"",
    ""buyer_email_address"": ""slehmann@bauertech.de""
  },
  ""order"": {
    ""order_number"": ""4500741345"",
    ""order_date"": ""15.11.2024"",
    ""delivery"": {
      ""delivery_address_street"": ""Industriestrasse 5"",
      ""delivery_address_city"": ""Reutlingen"",
      ""delivery_address_postal_code"": ""72760""
    }
  },
  ""products"": [
    {
      ""product_position"": 10,
      ""product_article_code"": ""U0400180"",
      ""product_quantity"": 8
    }
  ]
}
",Order_rec12Fz5wemRIsfAJ.PDF (https://v5.airtableusercontent.com/v3/u/40/40/1745661600000/BrFkkYXw9-DUGKsoJkhNjQ/t9hNLzD16IXhpHfnK4ILUbukqXY_48AI1dpQYk3gu-aJpXeeHFyEXVcwiIz9JSJNlGJtKcLV0cjZhLtUtGWp49WnRJ4fAS97HQtAbGmNQK_dgcHWjgptnOo8lrMGtJjTcffrayfu_spo4y6oyRxZd0OuNT5Zg54L2_Bs6sbvRHcQP1EzkHDCPHhSjQlljEgd/iWyTZqIHhbt61RNixiwQ-CloM6Q2CLDOI1LtT3nimGI),Order
Order_recJHwr39KljOIkQY,"{
  ""buyer"": {
    ""buyer_company_name"": ""Steinbach Precision GmbH & Co. KG"",
    ""buyer_person_name"": ""Lukas Mertens"",
    ""buyer_email_address"": ""einkauf@steinbach-precision.de""
  },
  ""order"": {
    ""order_number"": ""241494"",
    ""order_date"": ""15.11.2024"",
    ""delivery"": {
      ""delivery_address_street"": ""Industriepark 45"",
      ""delivery_address_city"": ""Bad Hersfeld"",
      ""delivery_address_postal_code"": ""36251""
    }
  },
  ""products"": [
    {
      ""product_position"": 1,
      ""product_article_code"": ""15630610"",
      ""product_quantity"": 1
    },
    {
      ""product_position"": 2,
      ""product_article_code"": ""7550391"",
      ""product_quantity"": 1
    },
    {
      ""product_position"": 3,
      ""product_article_code"": ""8560610"",
      ""product_quantity"": 1
    },
    {
      ""product_position"": 4,
      ""product_article_code"": ""8580391"",
      ""product_quantity"": 2
    },
    {
      ""product_position"": 5,
      ""product_article_code"": ""8585501"",
      ""product_quantity"": 2
    },
    {
      ""product_position"": 6,
      ""product_article_code"": ""8585610"",
      ""product_quantity"": 2
    },
    {
      ""product_position"": 7,
      ""product_article_code"": ""8660180"",
      ""product_quantity"": 3
    },
    {
      ""product_position"": 8,
      ""product_article_code"": ""8678501"",
      ""product_quantity"": 2
    },
    {
      ""product_position"": 9,
      ""product_article_code"": ""B570150280"",
      ""product_quantity"": 2
    },
    {
      ""product_position"": 10,
      ""product_article_code"": ""X6561140"",
      ""product_quantity"": 2
    }
  ]
}
",Order_recJHwr39KljOIkQY.PDF (https://v5.airtableusercontent.com/v3/u/40/40/1745661600000/NLmjIcUw42elC2YXAeGDJQ/qTcpG-odIQCJMa2KVAgu__Qi_4AWZxLarWsSrbhGYoEinLYBr03WwlweX-avY-TJnZNVCMLlTmOvMcaPeV8XEXp0XBWfu4qZZ5ZqpY_Gy4CYUk6uF_S7lFg6EDO73mr5jj9zinL8GEvGmYTDAmvwHp0G60QkKkxNfjPiPjPbc0xP6MN8ZK5xp--Jo7nS8f59/gc1w0ZQ0JNITq4pQm2KowsxnQPn49RcaS6mQ1AOObU0),Order
Order_recQdBIMtJOivz7sD,"{
  ""buyer"": {
    ""buyer_company_name"": ""NovaWorks AG GmbH"",
    ""buyer_person_name"": ""Lukas Schneider"",
    ""buyer_email_address"": ""l.schneider@novaworks.eu""
  },
  ""order"": {
    ""order_number"": ""4000999189"",
    ""order_date"": ""07.03.2025"",
    ""delivery"": {
      ""delivery_address_street"": ""Handelsweg 9"",
      ""delivery_address_city"": ""Darmstadt"",
      ""delivery_address_postal_code"": ""64283""
    }
  },
  ""products"": [
    {
      ""product_position"": 10,
      ""product_article_code"": ""P8201300"",
      ""product_quantity"": 10
    }
  ]
}
",Order_recQdBIMtJOivz7sD.pdf (https://v5.airtableusercontent.com/v3/u/40/40/1745661600000/-E_ET9u8TQHEirEtuLs0IQ/suY4v6uqlsgYSa1o5xDrdLP9MHlVnUqdNpV5-69_iwiZMKQ13dm_zV8tnBVoJ9iPs4kNbpuLakj4yBrT3IVVcx5tn82R0xT2jyYMDfWeCyils5mVkXKeXZfx8xnzN5RHN_q-R7CQOUAcISEhrr3B1tw8y7Mx2l8HXKV-1L3UiJ7gfoi2O3sQnXDO0WkZXDKi/l29cHGuFN67MnQnbpxTLF91aWFECDS8JjMcVcKIOu5Q),Order
Order_recekBHZwJlB51UEQ,"{
  ""buyer"": {
    ""buyer_company_name"": ""FerroLine GmbH"",
    ""buyer_person_name"": ""Martin Köhler"",
    ""buyer_email_address"": ""m.koehler@ferroline.de""
  },
  ""order"": {
    ""order_number"": ""4700632819"",
    ""order_date"": ""01.12.2024"",
    ""delivery"": {
      ""delivery_address_street"": ""Siemensallee 3"",
      ""delivery_address_city"": ""Karlsruhe"",
      ""delivery_address_postal_code"": ""76185""
    }
  },
  ""products"": [
    {
      ""product_position"": 1,
      ""product_article_code"": ""C15620140"",
      ""product_quantity"": 5
    }
  ]
}
",Order_recekBHZwJlB51UEQ.PDF (https://v5.airtableusercontent.com/v3/u/40/40/1745661600000/s4aegXVap9Sf8BSYGJ6h4w/KNg0zzJf9f0gw8W-caZNJJjnPLZ9Cj-TvQzhwNhIXclH5wt7BheezT97FJuE5XYmdS4rwyCHarRJUiioj576ROuo3R5yxuq8TZxSRTjpQyl0I5MmqOr91UHnvwhufROkky1gp9cPHD2q-r7kMlngoAcfU-qNFHOBw1cXig5R13vpwpoozKbwy_hICBi_Oa0W/89urwaJQNi_nbqs54DyiZkhrLkZvqhQC7HGBu9XZIE8),Order
Order_rec1nJMeDOHhOSMey,"{
  ""buyer"": {
    ""buyer_company_name"": ""Prima Labs GmbH"",
    ""buyer_person_name"": ""Jonas Weber"",
    ""buyer_email_address"": ""j.weber@primalabs.de""
  },
  ""order"": {
    ""order_number"": ""20240495"",
    ""order_date"": ""19.11.2024"",
    ""delivery"": {
      ""delivery_address_street"": ""Technologiepark 8"",
      ""delivery_address_city"": ""Freiburg"",
      ""delivery_address_postal_code"": ""79098""
    }
  },
  ""products"": [
    {
      ""product_position"": 1,
      ""product_article_code"": ""M5714080"",
      ""product_quantity"": 20
    }
  ]
}
",Order_rec1nJMeDOHhOSMey.pdf (https://v5.airtableusercontent.com/v3/u/40/40/1745661600000/HipzHTSJK62Qx49ZgK27pA/bboNf-iB9zT1vopF4v1YatMlna-y30G881JbgWo_humMYYx9E3ABBxUulFmZ2wh4iB_z7gMOweHMIV_z77ey1nSZcDw2h6HeeHfpiY-gxtdgyvHkD__XvgXRUsL-cJiUapj2n0X26_p0U46sYrYHexczil6477q04nBzdFLJcBY-IUDXawkSRtzqsvudFLsK/uzKb-vPDd0OAkRUBsH4b6b2V0ppfJVVOVdco9UF86jA),Order
Order_recwdac9eVzYdnGMO,"{
  ""buyer"": {
    ""buyer_company_name"": ""Nexa Solutions GmbH"",
    ""buyer_person_name"": ""Katharina Wolf"",
    ""buyer_email_address"": ""katharina.wolf@nexasolutions.de""
  },
  ""order"": {
    ""order_number"": ""1242709"",
    ""order_date"": ""18.11.2024"",
    ""delivery"": {
      ""delivery_address_street"": ""Mainstraße 22"",
      ""delivery_address_city"": ""Mainz"",
      ""delivery_address_postal_code"": ""55116""
    }
  },
  ""products"": [
    {
      ""product_position"": 1,
      ""product_article_code"": ""P8400100"",
      ""product_quantity"": 5
    }
  ]
}
",Order_recwdac9eVzYdnGMO.PDF (https://v5.airtableusercontent.com/v3/u/40/40/1745661600000/NaZyWiJyVfwZjtBL1R6wTQ/p2iABNIy54jkjkhTkj_jgR_BrnCyaN3kYIRz3cPHjsN4fUm3AjN9pVzs86fl3qSvR-cJk4qM_C-m3fkJqiYx2puJjuuBX8FRBl8alNyJVOZFBgXSddlOi1IMrP6vQoXUXKUquOD0yb6VHq3_nT3KdiJeADi7_7TfFMpNuKCd2SVlq3aJmBLA40tiEaUzVRJ1/2JZM8JoqzT3OiSx3SdkblEcp2OAt0D08cuWesJxewIk),Order
Order_recOE9INV5eS3mX3l,"{
  ""buyer"": {
    ""buyer_company_name"": ""Altura Dynamics GmbH"",
    ""buyer_person_name"": ""Tobias Meier"",
    ""buyer_email_address"": ""t.meier@alturadyn.de""
  },
  ""order"": {
    ""order_number"": ""463469"",
    ""order_date"": ""19.11.2024"",
    ""delivery"": {
      ""delivery_address_street"": ""Gutenbergstraße 4"",
      ""delivery_address_city"": ""Wiesbaden"",
      ""delivery_address_postal_code"": ""65183""
    }
  },
  ""products"": [
    {
      ""product_position"": 1,
      ""product_article_code"": ""ZFR0000077"",
      ""product_quantity"": 10
    }
  ]
}
",Order_recOE9INV5eS3mX3l.pdf (https://v5.airtableusercontent.com/v3/u/40/40/1745661600000/vHkRIapoRjvMx6Iq08T4pA/3dctiGKAChEfOp_xFrdEaMUYC-FdzYETf2f1RdHzGsRGcQtUi_VlcOP_eKBGnMmuQyAYVJrQdekDD0tJAe50dPW8JptVOieZ1Rv76sKe-jpoKExXli5SXH5bamLSEj6ydxijhwsH6RWk5kivRLIA-OY8oDPmueIBTblDtC7sbqVgXJldp3l2zuziXDOAkoj2/1W8sIyhavfIIUl3Vk_lu57HTQp2jvmrMh4HPStm2Ab8),Order